INSERT INTO Cursos(Cod_Curso, Nombre, Descripcion, Precio, Descuento) VALUES (11111,'AAED Pro','Curso intensivo de AAED',300,50);
INSERT INTO Cursos(Cod_Curso, Nombre, Descripcion, Precio, Descuento) VALUES (22222,'PCTR Pro','Curso intensivo de PCTR',400,0);
INSERT INTO Cursos(Cod_Curso, Nombre, Descripcion, Precio, Descuento) VALUES (33333,'DA Pro', 'Curso intensivo de DA',400,50);
INSERT INTO Cursos(Cod_Curso, Nombre, Descripcion, Precio, Descuento) VALUES (44444,'TABD Pro', 'Curso intensivo de TABD',300,50);

INSERT INTO Alumnos(Cod_Alumno, Nombre, Apellidos) VALUES (00001,'Adrian', 'Davila Guerra');
INSERT INTO Alumnos(Cod_Alumno, Nombre, Apellidos) VALUES (00002,'Francisco', 'Fernandez De la Rosa');
INSERT INTO Alumnos(Cod_Alumno, Nombre, Apellidos) VALUES (00003,'Jose Miguel', 'Lopez Vazquez');
INSERT INTO Alumnos(Cod_Alumno, Nombre, Apellidos) VALUES (00004,'Ana Rosa', 'Suarez Perez');
INSERT INTO Alumnos(Cod_Alumno, Nombre, Apellidos) VALUES (00005,'Cristina', 'Lopez Lopez');
INSERT INTO Alumnos(Cod_Alumno, Nombre, Apellidos) VALUES (00006,'Julian', 'Herrera Miranda');
INSERT INTO Alumnos(Cod_Alumno, Nombre, Apellidos) VALUES (00007,'Antonio', 'Correa Sanchez');

INSERT INTO Edicion(Cod_Curso, Cod_Edicion, Fecha_Inicio, Fecha_Fin, Lugar) VALUES (11111, 00001, '03/11/2018','09/11/2018','Puerto Real');
INSERT INTO Edicion(Cod_Curso, Cod_Edicion, Fecha_Inicio, Fecha_Fin, Lugar) VALUES (11111, 00002, '10/12/2018','07/01/2019','C치diz');
INSERT INTO Edicion(Cod_Curso, Cod_Edicion, Fecha_Inicio, Fecha_Fin, Lugar) VALUES (11111, 00003, '03/03/2019','14/04/2019','C치diz');
INSERT INTO Edicion(Cod_Curso, Cod_Edicion, Fecha_Inicio, Fecha_Fin, Lugar) VALUES (11111, 00004, '15/05/2019','29/06/2019','Puerto Real');
INSERT INTO Edicion(Cod_Curso, Cod_Edicion, Fecha_Inicio, Fecha_Fin, Lugar) VALUES (22222, 00005, '03/11/2018','07/02/2019','Puerto Real');
INSERT INTO Edicion(Cod_Curso, Cod_Edicion, Fecha_Inicio, Fecha_Fin, Lugar) VALUES (22222, 00006, '03/03/2019','14/04/2019','C치diz');
INSERT INTO Edicion(Cod_Curso, Cod_Edicion, Fecha_Inicio, Fecha_Fin, Lugar) VALUES (33333, 00007, '03/11/2018','08/02/2019','C치diz');

INSERT INTO Matricula(Cod_Curso, Cod_Edicion, Cod_Alumno, Fecha_Matricula) VALUES (11111,00001,00001,'24/10/2018');
INSERT INTO Matricula(Cod_Curso, Cod_Edicion, Cod_Alumno, Fecha_Matricula) VALUES (11111,00001,00002,'25/10/2018');
INSERT INTO Matricula(Cod_Curso, Cod_Edicion, Cod_Alumno, Fecha_Matricula) VALUES (11111,00001,00003,'25/10/2018');
INSERT INTO Matricula(Cod_Curso, Cod_Edicion, Cod_Alumno, Fecha_Matricula) VALUES (11111,00002,00004,'24/10/2018');
INSERT INTO Matricula(Cod_Curso, Cod_Edicion, Cod_Alumno, Fecha_Matricula) VALUES (11111,00002,00006,'24/10/2018');
INSERT INTO Matricula(Cod_Curso, Cod_Edicion, Cod_Alumno, Fecha_Matricula) VALUES (22222,00006,00007,'24/10/2018');
INSERT INTO Matricula(Cod_Curso, Cod_Edicion, Cod_Alumno, Fecha_Matricula) VALUES (33333,00007,00005,'24/10/2018');